﻿pos_x,pos_y,rotation,side,designator,mpn,pack,footprint,value,mount_type,place
54.58,-39.82,90.0,top,C1,,,C_0805_2012Metric_Pad1.18x1.45mm_HandSolder,0.1uF,smt,True
57.59,-39.82,90.0,top,C2,,,C_0805_2012Metric_Pad1.18x1.45mm_HandSolder,0.1uF,smt,True
60.6,-39.82,90.0,top,C3,,,C_0805_2012Metric_Pad1.18x1.45mm_HandSolder,0.1uF,smt,True
63.61,-39.82,90.0,top,C4,,,C_0805_2012Metric_Pad1.18x1.45mm_HandSolder,0.1uF,smt,True
56.4,-45.9517,90.0,top,D1,,,LED_Inolux_IN-PI554FCH_PLCC4_5.0x5.0mm_P3.2mm,Inolux_IN-PI554FCH,smt,True
63.4,-45.9517,90.0,top,D2,,,LED_Inolux_IN-PI554FCH_PLCC4_5.0x5.0mm_P3.2mm,Inolux_IN-PI554FCH,smt,True
70.65,-45.8517,90.0,top,D3,,,LED_Inolux_IN-PI554FCH_PLCC4_5.0x5.0mm_P3.2mm,Inolux_IN-PI554FCH,smt,True
77.75,-45.8517,90.0,top,D4,,,LED_Inolux_IN-PI554FCH_PLCC4_5.0x5.0mm_P3.2mm,Inolux_IN-PI554FCH,smt,True
68.84,-39.75,90.0,top,J1,,,PinHeader_1x05_P2.54mm_Vertical,Conn_01x05,tht,True
