﻿Designator,Quantity,Value,Footprint,Package,MPN,DNP,Mount_Type,Description,MF,MAXIMUM_PACKAGE_HEIGHT,Price,Check_prices,STANDARD,PARTREV,SnapEDA_Link,MP,Purchase-URL,Description_1,Availability,MANUFACTURER
"C1, C2, C3, C4",4,560p,C_0805_2012Metric_Pad1.18x1.45mm_HandSolder,,,,smt,Unpolarized capacitor,,,,,,,,,,,,
J1,1,Conn_01x07,PinHeader_1x07_P2.54mm_Vertical,,,,tht,"Generic connector, single row, 01x07, script generated (kicad-library-utils/schlib/autogen/connector/)",,,,,,,,,,,,
"J10, J15",2,Conn_01x05,PinHeader_1x05_P2.54mm_Vertical,,,,tht,"Generic connector, single row, 01x05, script generated (kicad-library-utils/schlib/autogen/connector/)",,,,,,,,,,,,
"J2, J3, J4, J6",4,PJ301M-12,PJ301M-12,,,,tht,,,,,,,,,,,,,
"JP1, JP10, JP11, JP12, JP2, JP3, JP4, JP5, JP6, JP7, JP8, JP9",12,SolderJumper_2_Open,SolderJumper-2_P1.3mm_Open_Pad1.0x1.5mm,,,,tht,"Solder Jumper, 2-pole, open",,,,,,,,,,,,
"Q1, Q2, Q3, Q4",4,MMBT3904,SOT-23,,,,smt,"0.2A Ic, 40V Vce, Small Signal NPN Transistor, SOT-23",,,,,,,,,,,,
"R1, R3, R5, R7",4,75k,R_0805_2012Metric_Pad1.20x1.40mm_HandSolder,,,,smt,Resistor,,,,,,,,,,,,
"R10, R11, R12, R21, R22, R23, R24, R9",8,33k,R_0805_2012Metric_Pad1.20x1.40mm_HandSolder,,,,smt,Resistor,,,,,,,,,,,,
"R13, R14, R15, R16",4,100,R_0805_2012Metric_Pad1.20x1.40mm_HandSolder,,,,smt,Resistor,,,,,,,,,,,,
"R17, R18, R19, R2, R20, R4, R6, R8",8,100k,R_0805_2012Metric_Pad1.20x1.40mm_HandSolder,,,,smt,Resistor,,,,,,,,,,,,
U1,1,OPA4172IDR,SOIC127P600X175-14N,SOIC-14 Texas Instruments,,,smt,,Texas Instruments,1.75 mm,None,https://www.snapeda.com/parts/OPA4172IDR/Texas+Instruments/view-part/?ref=eda,IPC 7351B,I,https://www.snapeda.com/parts/OPA4172IDR/Texas+Instruments/view-part/?ref=snap,OPA4172IDR,https://www.snapeda.com/api/url_track_click_mouser/?unipart_id=1159938&manufacturer=Texas Instruments&part_name=OPA4172IDR&search_term=None,"
Quad, 36-V, 10-MHz, low-power operational amplifier
",In Stock,Texas Instruments
