﻿pos_x,pos_y,rotation,side,designator,mpn,pack,footprint,value,mount_type,place
160.3625,-72.275,0.0,top,C1,,,C_0805_2012Metric_Pad1.18x1.45mm_HandSolder,560p,smt,True
164.8625,-72.285,0.0,top,C2,,,C_0805_2012Metric_Pad1.18x1.45mm_HandSolder,560p,smt,True
169.8625,-72.285,0.0,top,C3,,,C_0805_2012Metric_Pad1.18x1.45mm_HandSolder,560p,smt,True
174.3625,-72.285,0.0,top,C4,,,C_0805_2012Metric_Pad1.18x1.45mm_HandSolder,560p,smt,True
160.0,-82.0,90.0,top,J1,,,PinHeader_1x07_P2.54mm_Vertical,Conn_01x07,tht,True
153.5,-72.84,0.0,top,J10,,,PinHeader_1x05_P2.54mm_Vertical,Conn_01x05,tht,True
153.5,-58.34,0.0,top,J15,,,PinHeader_1x05_P2.54mm_Vertical,Conn_01x05,tht,True
184.5,-79.5,90.0,top,J2,,,PJ301M-12,PJ301M-12,tht,True
184.5,-69.35,90.0,top,J3,,,PJ301M-12,PJ301M-12,tht,True
184.5,-59.2,90.0,top,J4,,,PJ301M-12,PJ301M-12,tht,True
184.5,-49.05,90.0,top,J6,,,PJ301M-12,PJ301M-12,tht,True
173.85,-52.0,180.0,bottom,JP1,,,SolderJumper-2_P1.3mm_Open_Pad1.0x1.5mm,SolderJumper_2_Open,tht,False
169.35,-59.0,180.0,bottom,JP10,,,SolderJumper-2_P1.3mm_Open_Pad1.0x1.5mm,SolderJumper_2_Open,tht,False
165.2256,-59.0035,180.0,bottom,JP11,,,SolderJumper-2_P1.3mm_Open_Pad1.0x1.5mm,SolderJumper_2_Open,tht,False
161.45,-59.0,180.0,bottom,JP12,,,SolderJumper-2_P1.3mm_Open_Pad1.0x1.5mm,SolderJumper_2_Open,tht,False
169.35,-52.0,180.0,bottom,JP2,,,SolderJumper-2_P1.3mm_Open_Pad1.0x1.5mm,SolderJumper_2_Open,tht,False
165.35,-52.0,180.0,bottom,JP3,,,SolderJumper-2_P1.3mm_Open_Pad1.0x1.5mm,SolderJumper_2_Open,tht,False
161.5,-52.0,180.0,bottom,JP4,,,SolderJumper-2_P1.3mm_Open_Pad1.0x1.5mm,SolderJumper_2_Open,tht,False
173.85,-55.55,180.0,bottom,JP5,,,SolderJumper-2_P1.3mm_Open_Pad1.0x1.5mm,SolderJumper_2_Open,tht,False
169.35,-55.5,180.0,bottom,JP6,,,SolderJumper-2_P1.3mm_Open_Pad1.0x1.5mm,SolderJumper_2_Open,tht,False
165.35,-55.5,180.0,bottom,JP7,,,SolderJumper-2_P1.3mm_Open_Pad1.0x1.5mm,SolderJumper_2_Open,tht,False
161.5,-55.5,180.0,bottom,JP8,,,SolderJumper-2_P1.3mm_Open_Pad1.0x1.5mm,SolderJumper_2_Open,tht,False
173.85,-59.0,180.0,bottom,JP9,,,SolderJumper-2_P1.3mm_Open_Pad1.0x1.5mm,SolderJumper_2_Open,tht,False
166.0,-70.5,180.0,bottom,Jack converter,,,LOGO,LOGO,tht,False
160.5,-75.9375,90.0,top,Q1,,,SOT-23,MMBT3904,smt,True
165.125,-75.9375,90.0,top,Q2,,,SOT-23,MMBT3904,smt,True
169.75,-75.9375,90.0,top,Q3,,,SOT-23,MMBT3904,smt,True
174.375,-75.9375,90.0,top,Q4,,,SOT-23,MMBT3904,smt,True
160.25,-54.55,0.0,top,R1,,,R_0805_2012Metric_Pad1.20x1.40mm_HandSolder,75k,smt,True
165.0,-63.4,0.0,top,R10,,,R_0805_2012Metric_Pad1.20x1.40mm_HandSolder,33k,smt,True
165.0,-66.35,0.0,top,R11,,,R_0805_2012Metric_Pad1.20x1.40mm_HandSolder,33k,smt,True
165.0,-69.3,0.0,top,R12,,,R_0805_2012Metric_Pad1.20x1.40mm_HandSolder,33k,smt,True
169.75,-54.55,0.0,top,R13,,,R_0805_2012Metric_Pad1.20x1.40mm_HandSolder,100,smt,True
169.75,-57.5,0.0,top,R14,,,R_0805_2012Metric_Pad1.20x1.40mm_HandSolder,100,smt,True
169.75,-60.45,0.0,top,R15,,,R_0805_2012Metric_Pad1.20x1.40mm_HandSolder,100,smt,True
169.75,-63.4,0.0,top,R16,,,R_0805_2012Metric_Pad1.20x1.40mm_HandSolder,100,smt,True
169.75,-66.35,0.0,top,R17,,,R_0805_2012Metric_Pad1.20x1.40mm_HandSolder,100k,smt,True
169.75,-69.3,0.0,top,R18,,,R_0805_2012Metric_Pad1.20x1.40mm_HandSolder,100k,smt,True
174.5,-54.55,0.0,top,R19,,,R_0805_2012Metric_Pad1.20x1.40mm_HandSolder,100k,smt,True
160.25,-57.5,0.0,top,R2,,,R_0805_2012Metric_Pad1.20x1.40mm_HandSolder,100k,smt,True
174.5,-57.5,0.0,top,R20,,,R_0805_2012Metric_Pad1.20x1.40mm_HandSolder,100k,smt,True
174.5,-60.45,0.0,top,R21,,,R_0805_2012Metric_Pad1.20x1.40mm_HandSolder,33k,smt,True
174.5,-63.4,0.0,top,R22,,,R_0805_2012Metric_Pad1.20x1.40mm_HandSolder,33k,smt,True
174.5,-66.35,0.0,top,R23,,,R_0805_2012Metric_Pad1.20x1.40mm_HandSolder,33k,smt,True
174.5,-69.3,0.0,top,R24,,,R_0805_2012Metric_Pad1.20x1.40mm_HandSolder,33k,smt,True
160.25,-60.45,0.0,top,R3,,,R_0805_2012Metric_Pad1.20x1.40mm_HandSolder,75k,smt,True
160.25,-63.4,0.0,top,R4,,,R_0805_2012Metric_Pad1.20x1.40mm_HandSolder,100k,smt,True
160.25,-66.35,0.0,top,R5,,,R_0805_2012Metric_Pad1.20x1.40mm_HandSolder,75k,smt,True
160.25,-69.3,0.0,top,R6,,,R_0805_2012Metric_Pad1.20x1.40mm_HandSolder,100k,smt,True
165.0,-54.55,0.0,top,R7,,,R_0805_2012Metric_Pad1.20x1.40mm_HandSolder,75k,smt,True
165.0,-57.5,0.0,top,R8,,,R_0805_2012Metric_Pad1.20x1.40mm_HandSolder,100k,smt,True
165.0,-60.45,0.0,top,R9,,,R_0805_2012Metric_Pad1.20x1.40mm_HandSolder,33k,smt,True
171.5,-48.475,90.0,top,U1,,SOIC-14 Texas Instruments,SOIC127P600X175-14N,OPA4172IDR,smt,True
