﻿pos_x,pos_y,rotation,side,designator,mpn,pack,footprint,value,mount_type,place
161.4625,-43.0,0.0,top,C1,,,C_0805_2012Metric_Pad1.18x1.45mm_HandSolder,10uf,smt,True
161.4625,-46.5,0.0,top,C10,,,C_0805_2012Metric_Pad1.18x1.45mm_HandSolder,10uf,smt,True
156.9625,-46.5,-90.0,top,C11,,,C_0805_2012Metric_Pad1.18x1.45mm_HandSolder,100n,smt,True
161.4625,-60.5,0.0,top,C12,,,C_0805_2012Metric_Pad1.18x1.45mm_HandSolder,100n,smt,True
161.4625,-50.0,0.0,top,C2,,,C_0805_2012Metric_Pad1.18x1.45mm_HandSolder,10uf,smt,True
165.9625,-43.0,0.0,top,C3,,,C_0805_2012Metric_Pad1.18x1.45mm_HandSolder,22uF,smt,True
165.9625,-46.5,0.0,top,C4,,,C_0805_2012Metric_Pad1.18x1.45mm_HandSolder,22uF,smt,True
156.9625,-50.0,0.0,top,C5,,,C_0805_2012Metric_Pad1.18x1.45mm_HandSolder,10uf,smt,True
156.9625,-53.5,0.0,top,C6,,,C_0805_2012Metric_Pad1.18x1.45mm_HandSolder,100n,smt,True
156.9625,-56.99,0.0,top,C7,,,C_0805_2012Metric_Pad1.18x1.45mm_HandSolder,100n,smt,True
161.5375,-57.0,0.0,top,C8,,,C_0805_2012Metric_Pad1.18x1.45mm_HandSolder,100n,smt,True
156.9625,-43.0,0.0,top,C9,,,C_0805_2012Metric_Pad1.18x1.45mm_HandSolder,100n,smt,True
151.5,-60.5,180.0,top,D1,,,D_DO-41_SOD81_P7.62mm_Horizontal,D,tht,True
144.0,-64.0,0.0,top,D2,,,D_DO-41_SOD81_P7.62mm_Horizontal,D,tht,True
167.025,-59.0,0.0,top,D3,,,LED_0805_2012Metric_Pad1.15x1.40mm_HandSolder,LED,smt,True
171.525,-59.0,0.0,top,D4,,,LED_0805_2012Metric_Pad1.15x1.40mm_HandSolder,LED,smt,True
167.025,-62.5,0.0,top,D5,,,LED_0805_2012Metric_Pad1.15x1.40mm_HandSolder,LED,smt,True
171.525,-62.5,0.0,top,D6,,,LED_0805_2012Metric_Pad1.15x1.40mm_HandSolder,LED,smt,True
145.0,-43.34,0.0,top,J1,,,PinHeader_1x05_P2.54mm_Vertical,Conn_01x05,tht,True
135.96,-47.5,0.0,top,J2,,,IDC-Header_2x05_P2.54mm_Vertical,Conn_02x05_Odd_Even,tht,True
151.0,-43.38,-90.0,top,J3,,,TerminalBlock_Xinya_XY308-2.54-6P_1x06_P2.54mm_Horizontal,Screw_Terminal_01x05,tht,True
169.5,-43.25,90.0,top,L1,,,L_TDK_NLV25_2.5x2.0mm,10uH,smt,True
157.0,-60.5,0.0,top,R1,,,R_0805_2012Metric_Pad1.20x1.40mm_HandSolder,1k,smt,True
161.5,-53.5,0.0,top,R2,,,R_0805_2012Metric_Pad1.20x1.40mm_HandSolder,500,smt,True
157.0,-64.0,0.0,top,R3,,,R_0805_2012Metric_Pad1.20x1.40mm_HandSolder,1k,smt,True
161.5,-64.0,0.0,top,R4,,,R_0805_2012Metric_Pad1.20x1.40mm_HandSolder,1k,smt,True
162.065,-45.975,0.0,bottom,U1,,,TO-252-3_TabPin2,LM1117DT-5.0,smt,True
173.1375,-43.45,0.0,top,U2,,TSOT-5 Analog Devices,TSOT-23-5,ADP150AUJZ-3.3-R7,smt,True
156.1282,-77.749749,0.0,top,brasnchoutlogo,,,LOGO,LOGO,tht,False
174.0,-53.5,-90.0,top,logoH,,,LOGO,LOGO,tht,False
163.5,-57.5,90.0,bottom,logoV,,,LOGO,LOGO,tht,False
144.0,-57.5,90.0,bottom,potemkin,,,LOGO,LOGO,tht,False
165.0,-53.0,180.0,top,soy,,,LOGO,LOGO,tht,False
