﻿Designator,Quantity,Value,Footprint,Package,MPN,DNP,Mount_Type,Description,Sim.Device,Sim.Pins,MF,Description_1,Price,Check_prices,STANDARD,SnapEDA_Link,MP,Purchase-URL,Availability,MANUFACTURER
"C1, C10, C2, C5",4,10uf,C_0805_2012Metric_Pad1.18x1.45mm_HandSolder,,,,smt,Unpolarized capacitor,,,,,,,,,,,,
"C11, C12, C6, C7, C8, C9",6,100n,C_0805_2012Metric_Pad1.18x1.45mm_HandSolder,,,,smt,Unpolarized capacitor,,,,,,,,,,,,
"C3, C4",2,22uF,C_0805_2012Metric_Pad1.18x1.45mm_HandSolder,,,,smt,Unpolarized capacitor,,,,,,,,,,,,
"D1, D2",2,D,D_DO-41_SOD81_P7.62mm_Horizontal,,,,tht,Diode,D,1=K 2=A,,,,,,,,,,
"D3, D4, D5, D6",4,LED,LED_0805_2012Metric_Pad1.15x1.40mm_HandSolder,,,,smt,Light emitting diode,,,,,,,,,,,,
J1,1,Conn_01x05,PinHeader_1x05_P2.54mm_Vertical,,,,tht,"Generic connector, single row, 01x05, script generated (kicad-library-utils/schlib/autogen/connector/)",,,,,,,,,,,,
J2,1,Conn_02x05_Odd_Even,IDC-Header_2x05_P2.54mm_Vertical,,,,tht,"Generic connector, double row, 02x05, odd/even pin numbering scheme (row 1 odd numbers, row 2 even numbers), script generated (kicad-library-utils/schlib/autogen/connector/)",,,,,,,,,,,,
J3,1,Screw_Terminal_01x05,TerminalBlock_Xinya_XY308-2.54-6P_1x06_P2.54mm_Horizontal,,,,tht,"Generic screw terminal, single row, 01x05, script generated (kicad-library-utils/schlib/autogen/connector/)",,,,,,,,,,,,
L1,1,10uH,L_TDK_NLV25_2.5x2.0mm,,,,smt,Inductor,,,,,,,,,,,,
"R1, R3, R4",3,1k,R_0805_2012Metric_Pad1.20x1.40mm_HandSolder,,,,smt,Resistor,,,,,,,,,,,,
R2,1,500,R_0805_2012Metric_Pad1.20x1.40mm_HandSolder,,,,smt,Resistor,,,,,,,,,,,,
U1,1,LM1117DT-5.0,TO-252-3_TabPin2,,,,smt,"800mA Low-Dropout Linear Regulator, 5.0V fixed output, TO-252",,,,,,,,,,,,
U2,1,ADP150AUJZ-3.3-R7,TSOT-23-5,TSOT-5 Analog Devices,,,smt,,,,Analog Devices,"
Ultralow Noise, 150 mA CMOS Linear Regulator
",None,https://www.snapeda.com/parts/ADP150AUJZ-2.0-R7/Analog+Devices/view-part/?ref=eda,IPC7351B,https://www.snapeda.com/parts/ADP150AUJZ-2.0-R7/Analog+Devices/view-part/?ref=snap,ADP150AUJZ-2.0-R7,https://www.snapeda.com/api/url_track_click_mouser/?unipart_id=1225884&manufacturer=Analog Devices&part_name=ADP150AUJZ-2.0-R7&search_term=None,In Stock,Analog Devices
"brasnchoutlogo, logoH, logoV, potemkin, soy",5,LOGO,LOGO,,,,tht,,,,,,,,,,,,,
