﻿pos_x,pos_y,rotation,side,designator,mpn,pack,footprint,value,mount_type,place
76.9625,-116.0,0.0,top,C1,,,C_0805_2012Metric_Pad1.18x1.45mm_HandSolder,22p,smt,True
76.9625,-98.5,0.0,top,C10,,,C_0805_2012Metric_Pad1.18x1.45mm_HandSolder,22p,smt,True
76.9625,-102.0,0.0,top,C11,,,C_0805_2012Metric_Pad1.18x1.45mm_HandSolder,22p,smt,True
76.9625,-112.5,0.0,top,C2,,,C_0805_2012Metric_Pad1.18x1.45mm_HandSolder,22p,smt,True
76.9625,-109.0,0.0,top,C3,,,C_0805_2012Metric_Pad1.18x1.45mm_HandSolder,22p,smt,True
76.9625,-105.5,0.0,top,C4,,,C_0805_2012Metric_Pad1.18x1.45mm_HandSolder,22p,smt,True
81.5375,-112.5,0.0,top,C5,,,C_0805_2012Metric_Pad1.18x1.45mm_HandSolder,100n,smt,True
81.5375,-102.0,0.0,top,C6,,,C_0805_2012Metric_Pad1.18x1.45mm_HandSolder,470n,smt,True
81.4625,-109.0,0.0,top,C7,,,C_0805_2012Metric_Pad1.18x1.45mm_HandSolder,100n,smt,True
76.9625,-91.5,0.0,top,C8,,,C_0805_2012Metric_Pad1.18x1.45mm_HandSolder,22p,smt,True
76.9625,-95.0,0.0,top,C9,,,C_0805_2012Metric_Pad1.18x1.45mm_HandSolder,22p,smt,True
85.5,-99.34,0.0,top,PWRPINS_DAC1,,,PinHeader_1x05_P2.54mm_Vertical,Conn_01x05,tht,True
63.5,-91.5,0.0,top,R1,,,R_0805_2012Metric_Pad1.20x1.40mm_HandSolder,24k9,smt,True
72.5,-95.0,0.0,top,R10,,,R_0805_2012Metric_Pad1.20x1.40mm_HandSolder,220,smt,True
72.5,-105.5,0.0,top,R11,,,R_0805_2012Metric_Pad1.20x1.40mm_HandSolder,220,smt,True
72.5,-109.0,0.0,top,R12,,,R_0805_2012Metric_Pad1.20x1.40mm_HandSolder,220,smt,True
63.5,-112.5,0.0,top,R13,,,R_0805_2012Metric_Pad1.20x1.40mm_HandSolder,24k9,smt,True
63.5,-116.0,0.0,top,R14,,,R_0805_2012Metric_Pad1.20x1.40mm_HandSolder,24k9,smt,True
63.5,-105.5,0.0,top,R15,,,R_0805_2012Metric_Pad1.20x1.40mm_HandSolder,24k9,smt,True
63.5,-109.0,0.0,top,R16,,,R_0805_2012Metric_Pad1.20x1.40mm_HandSolder,24k9,smt,True
81.5,-95.0,0.0,top,R17,,,R_0805_2012Metric_Pad1.20x1.40mm_HandSolder,47k,smt,True
81.5,-91.5,0.0,top,R18,,,R_0805_2012Metric_Pad1.20x1.40mm_HandSolder,47k,smt,True
68.0,-116.0,0.0,top,R19,,,R_0805_2012Metric_Pad1.20x1.40mm_HandSolder,100k,smt,True
63.5,-95.0,0.0,top,R2,,,R_0805_2012Metric_Pad1.20x1.40mm_HandSolder,24k9,smt,True
68.0,-112.5,0.0,top,R20,,,R_0805_2012Metric_Pad1.20x1.40mm_HandSolder,100k,smt,True
68.0,-109.0,0.0,top,R21,,,R_0805_2012Metric_Pad1.20x1.40mm_HandSolder,100k,smt,True
68.0,-105.5,0.0,top,R22,,,R_0805_2012Metric_Pad1.20x1.40mm_HandSolder,100k,smt,True
72.5,-98.5,0.0,top,R23,,,R_0805_2012Metric_Pad1.20x1.40mm_HandSolder,220,smt,True
72.5,-102.0,0.0,top,R24,,,R_0805_2012Metric_Pad1.20x1.40mm_HandSolder,220,smt,True
72.5,-112.5,0.0,top,R25,,,R_0805_2012Metric_Pad1.20x1.40mm_HandSolder,220,smt,True
72.5,-116.0,0.0,top,R26,,,R_0805_2012Metric_Pad1.20x1.40mm_HandSolder,220,smt,True
63.5,-98.5,0.0,top,R3,,,R_0805_2012Metric_Pad1.20x1.40mm_HandSolder,24k9,smt,True
63.5,-102.0,0.0,top,R4,,,R_0805_2012Metric_Pad1.20x1.40mm_HandSolder,24k9,smt,True
68.0,-91.5,0.0,top,R5,,,R_0805_2012Metric_Pad1.20x1.40mm_HandSolder,100k,smt,True
68.0,-95.0,0.0,top,R6,,,R_0805_2012Metric_Pad1.20x1.40mm_HandSolder,100k,smt,True
68.0,-98.5,0.0,top,R7,,,R_0805_2012Metric_Pad1.20x1.40mm_HandSolder,100k,smt,True
68.0,-102.0,0.0,top,R8,,,R_0805_2012Metric_Pad1.20x1.40mm_HandSolder,100k,smt,True
72.5,-91.5,0.0,top,R9,,,R_0805_2012Metric_Pad1.20x1.40mm_HandSolder,220,smt,True
91.5,-99.34,0.0,top,SPIPINS_DAC1,,,PinHeader_1x05_P2.54mm_Vertical,Conn_01x05,tht,True
96.5,-91.72,0.0,top,VOUT_DAC1,,,PinHeader_1x08_P2.54mm_Vertical,Conn_01x05,tht,True
83.5,-124.0,90.0,top,dac,,TSSOP-16 Texas Instruments,SOP65P640X120-16N,DAC8568ICPW,smt,True
74.45,-123.69,180.0,top,opa1,,SOIC-14 Texas Instruments,SOIC127P600X175-14N,OPA4172IDR,smt,True
64.975,-123.54,0.0,top,opa2,,SOIC-14 Texas Instruments,SOIC127P600X175-14N,OPA4172IDR,smt,True
