﻿Designator,Quantity,Value,Footprint,Package,MPN,DNP,Mount_Type,Description,MF,Description_1,Price,SnapEDA_Link,MP,Availability,Check_prices,MAXIMUM_PACKAGE_HEIGHT,STANDARD,PARTREV,Purchase-URL,MANUFACTURER
"C1, C10, C11, C2, C3, C4, C8, C9",8,22p,C_0805_2012Metric_Pad1.18x1.45mm_HandSolder,,,,smt,Unpolarized capacitor,,,,,,,,,,,,
"C5, C7",2,100n,C_0805_2012Metric_Pad1.18x1.45mm_HandSolder,,,,smt,Unpolarized capacitor,,,,,,,,,,,,
C6,1,470n,C_0805_2012Metric_Pad1.18x1.45mm_HandSolder,,,,smt,Unpolarized capacitor,,,,,,,,,,,,
"PWRPINS_DAC1, SPIPINS_DAC1",2,Conn_01x05,PinHeader_1x05_P2.54mm_Vertical,,,,tht,"Generic connector, single row, 01x05, script generated (kicad-library-utils/schlib/autogen/connector/)",,,,,,,,,,,,
"R1, R13, R14, R15, R16, R2, R3, R4",8,24k9,R_0805_2012Metric_Pad1.20x1.40mm_HandSolder,,,,smt,Resistor,,,,,,,,,,,,
"R10, R11, R12, R23, R24, R25, R26, R9",8,220,R_0805_2012Metric_Pad1.20x1.40mm_HandSolder,,,,smt,Resistor,,,,,,,,,,,,
"R17, R18",2,47k,R_0805_2012Metric_Pad1.20x1.40mm_HandSolder,,,,smt,Resistor,,,,,,,,,,,,
"R19, R20, R21, R22, R5, R6, R7, R8",8,100k,R_0805_2012Metric_Pad1.20x1.40mm_HandSolder,,,,smt,Resistor,,,,,,,,,,,,
VOUT_DAC1,1,Conn_01x05,PinHeader_1x08_P2.54mm_Vertical,,,,tht,"Generic connector, single row, 01x08, script generated (kicad-library-utils/schlib/autogen/connector/)",,,,,,,,,,,,
dac,1,DAC8568ICPW,SOP65P640X120-16N,TSSOP-16 Texas Instruments,,,smt,,Texas Instruments,"
16-bit, octal-channel, ultra-low glitch, voltage output DAC with 2.5V, 2ppm/Â°C internal reference
",None,https://www.snapeda.com/parts/DAC8568ICPW/Texas+Instruments/view-part/?ref=snap,DAC8568ICPW,In Stock,https://www.snapeda.com/parts/DAC8568ICPW/Texas+Instruments/view-part/?ref=eda,,,,,
"opa1, opa2",2,OPA4172IDR,SOIC127P600X175-14N,SOIC-14 Texas Instruments,,,smt,,Texas Instruments,"
Quad, 36-V, 10-MHz, low-power operational amplifier
",None,https://www.snapeda.com/parts/OPA4172IDR/Texas+Instruments/view-part/?ref=snap,OPA4172IDR,In Stock,https://www.snapeda.com/parts/OPA4172IDR/Texas+Instruments/view-part/?ref=eda,1.75 mm,IPC 7351B,I,https://www.snapeda.com/api/url_track_click_mouser/?unipart_id=1159938&manufacturer=Texas Instruments&part_name=OPA4172IDR&search_term=None,Texas Instruments
